{
  "model_type": "ordinal_logit",
  "w": [
    3.661825818262319,
    2.326614387101653,
    1.9704530690978543,
    -4.9131177036424765,
    -0.3878981243259951,
    0.732040773143988
  ],
  "theta": [
    -1.900952079970486,
    0.26440100683663603
  ],
  "train_loss": 0.8116087526485449,
  "val_loss": 0.7439471523231762
}