{
"W": [
[
-2.78176392925228,
-2.357627419757811,
-1.511362757120445,
8.29235449168457,
4.076510182474749
],
[
0.8803309072432051,
0.2275310504902651,
-0.03651322407266257,
-1.8057817791306916,
-2.3923193487082823
],
[
1.9083858741459485,
2.1146054914736943,
1.3255768053295731,
-6.617778670849743,
-1.7009602594901791
]
],
"b": [
-7.973708053414817,
4.185672602938489,
3.7589650077803016
]
}