{
  "model_type": "ordinal_logit",
  "w": [
    0.44835915493646183,
    0.3735392719124153,
    0.32049895801400385,
    -0.13696860208056716,
    0.3093822960339443,
    0.014372524848371704
  ],
  "theta": [
    0.12476022487289917,
    1.3111584179214755
  ],
  "train_loss": 1.0596426115141862,
  "val_loss": 1.0527896441565738
}