{
"W": [
[
-2.588882366108982,
-3.0807736183270427,
-0.7875786295891243,
5.6950369921550505,
3.2917917380816912
],
[
0.5308126036636378,
0.41406456079681914,
-1.1967492626709326,
-0.48285548981932686,
-1.6733969482260524
],
[
2.065022614582201,
2.6512181797363943,
1.7620287163965427,
-5.343387460631568,
-1.635164215579313
]
],
"b": [
-4.760524393814459,
2.710591642613201,
2.0208623085052477
]
}